<?xml version="1.0" encoding="UTF-8"?>
<project-private xmlns="http://www.netbeans.org/ns/project-private/1">
    <editor-bookmarks xmlns="http://www.netbeans.org/ns/editor-bookmarks/2" lastBookmarkId="0"/>
    <open-files xmlns="http://www.netbeans.org/ns/projectui-open-files/2">
        <group>
            <file>file:/C:/Users/Malik/Downloads/Compressed/asisten-prak-pbo-8-mvc-main/asisten-prak-pbo-8-mvc-main/src/Model/Mahasiswa/ModelTable.java</file>
            <file>file:/C:/Users/Malik/Downloads/Compressed/asisten-prak-pbo-8-mvc-main/asisten-prak-pbo-8-mvc-main/src/View/Mahasiswa/EditData.java</file>
            <file>file:/C:/Users/Malik/Downloads/Compressed/asisten-prak-pbo-8-mvc-main/asisten-prak-pbo-8-mvc-main/src/View/Dosen/InputDataDosen.java</file>
            <file>file:/C:/Users/Malik/Downloads/Compressed/asisten-prak-pbo-8-mvc-main/asisten-prak-pbo-8-mvc-main/src/View/Dosen/EditDataDosen.java</file>
            <file>file:/C:/Users/Malik/Downloads/Compressed/asisten-prak-pbo-8-mvc-main/asisten-prak-pbo-8-mvc-main/src/View/Mahasiswa/InputData.java</file>
            <file>file:/C:/Users/Malik/Downloads/Compressed/asisten-prak-pbo-8-mvc-main/asisten-prak-pbo-8-mvc-main/src/Controller/ControllerMahasiswa.java</file>
            <file>file:/C:/Users/Malik/Downloads/Compressed/asisten-prak-pbo-8-mvc-main/asisten-prak-pbo-8-mvc-main/src/Model/Mahasiswa/DAOMahasiswa.java</file>
            <file>file:/C:/Users/Malik/Downloads/Compressed/asisten-prak-pbo-8-mvc-main/asisten-prak-pbo-8-mvc-main/src/Controller/ControllerDosen.java</file>
            <file>file:/C:/Users/Malik/Downloads/Compressed/asisten-prak-pbo-8-mvc-main/asisten-prak-pbo-8-mvc-main/src/Model/Dosen/ModelTableDosen.java</file>
            <file>file:/C:/Users/Malik/Downloads/Compressed/asisten-prak-pbo-8-mvc-main/asisten-prak-pbo-8-mvc-main/src/View/Dosen/ViewDataDosen.java</file>
            <file>file:/C:/Users/Malik/Downloads/Compressed/asisten-prak-pbo-8-mvc-main/asisten-prak-pbo-8-mvc-main/src/Main/Main.java</file>
            <file>file:/C:/Users/Malik/Downloads/Compressed/asisten-prak-pbo-8-mvc-main/asisten-prak-pbo-8-mvc-main/src/Model/Dosen/DAODosen.java</file>
            <file>file:/C:/Users/Malik/Downloads/Compressed/asisten-prak-pbo-8-mvc-main/asisten-prak-pbo-8-mvc-main/src/View/Mahasiswa/ViewData.java</file>
        </group>
    </open-files>
</project-private>
